Topic,Count,Name,Representation,Representative_Docs,concised_topics
-1,62,-1_manual_adulting_ducks_instructions,"['manual', 'adulting', 'ducks', 'instructions', 'lifes', 'lockdown', 'areas', 'struggle', 'finances', 'paper']","[""Question: What's something you expected to have figured out by your age but definitely haven't?\n\nQuestion description: yo peeps, so here's the thing, i kinda always thought that by the time i was pushing 40, i'd have all my ducks in a row ‚Äì finances crystal clear, life plan on lockdown, the works. Don‚Äôt get me wrong, things are steady but man, the more years I stack, the more I feel like there's a secret adulting manual everyone got but me. The other day I was sorting my tax stuff (thrilling, I know) and it hit me ‚Äì I‚Äôm still winging it in so many areas. It‚Äôs like everyone around me is acing this life thing, and I‚Äôm here just tryna not get a paper cut from life‚Äôs instructions manual, you get me? Anyway, I‚Äôm curious, what‚Äôs something you thought you‚Äôd have totally figured out by now, but just... don‚Äôt? Do share your stories, make a guy feel less like he's riding solo on the struggle bus.\n\nComment: \n lol still figuring pensions out here"", ""Question: What's something you expected to have figured out by your age but definitely haven't?\n\nQuestion description: yo peeps, so here's the thing, i kinda always thought that by the time i was pushing 40, i'd have all my ducks in a row ‚Äì finances crystal clear, life plan on lockdown, the works. Don‚Äôt get me wrong, things are steady but man, the more years I stack, the more I feel like there's a secret adulting manual everyone got but me. The other day I was sorting my tax stuff (thrilling, I know) and it hit me ‚Äì I‚Äôm still winging it in so many areas. It‚Äôs like everyone around me is acing this life thing, and I‚Äôm here just tryna not get a paper cut from life‚Äôs instructions manual, you get me? Anyway, I‚Äôm curious, what‚Äôs something you thought you‚Äôd have totally figured out by now, but just... don‚Äôt? Do share your stories, make a guy feel less like he's riding solo on the struggle bus.\n\nComment: \n And here I thought tech would make sense by now..."", ""Question: What's something you expected to have figured out by your age but definitely haven't?\n\nQuestion description: yo peeps, so here's the thing, i kinda always thought that by the time i was pushing 40, i'd have all my ducks in a row ‚Äì finances crystal clear, life plan on lockdown, the works. Don‚Äôt get me wrong, things are steady but man, the more years I stack, the more I feel like there's a secret adulting manual everyone got but me. The other day I was sorting my tax stuff (thrilling, I know) and it hit me ‚Äì I‚Äôm still winging it in so many areas. It‚Äôs like everyone around me is acing this life thing, and I‚Äôm here just tryna not get a paper cut from life‚Äôs instructions manual, you get me? Anyway, I‚Äôm curious, what‚Äôs something you thought you‚Äôd have totally figured out by now, but just... don‚Äôt? Do share your stories, make a guy feel less like he's riding solo on the struggle bus.\n\nComment: \n can't coffee through deductions though""]","['Life experience', 'finances', 'Pandemic']"
0,1728,0_city_place_local_hometown,"['city', 'place', 'local', 'hometown', 'spots', 'vibe', 'urban', 'town', 'places', 'park']","[""Question: What's a small, seemingly mundane feature of your town or city that has unexpectedly charmed your heart?\n\nQuestion description: So here's the thing, we often chase after the big attractions or the 'vibes' of a big city, right? But, it's those little things that sometimes catch you off guard. For example, there's this little park bench that has become my unexpected haven. It's nothing special really, just an old wooden bench overlooking a modest garden, but it's where I find a little slice of serenity in a bustling cityscape. It's become a favourite spot for a bit of quiet in my daily routine. Does your place have something like that? A little quirk or hidden gem that's unexpectedly stolen a piece of your heart? Share away, I‚Äôm curious!\n\nComment: \n love how rain makes cobblestones look like art installations"", ""Question: What's a small, seemingly mundane feature of your town or city that has unexpectedly charmed your heart?\n\nQuestion description: So here's the thing, we often chase after the big attractions or the 'vibes' of a big city, right? But, it's those little things that sometimes catch you off guard. For example, there's this little park bench that has become my unexpected haven. It's nothing special really, just an old wooden bench overlooking a modest garden, but it's where I find a little slice of serenity in a bustling cityscape. It's become a favourite spot for a bit of quiet in my daily routine. Does your place have something like that? A little quirk or hidden gem that's unexpectedly stolen a piece of your heart? Share away, I‚Äôm curious!\n\nComment: \n Costs indeed exist but think about those corners of serenity as investments for our well-being. Found a couple spots across town myself - they‚Äôre like urban oases!"", ""Question: What's a small, seemingly mundane feature of your town or city that has unexpectedly charmed your heart?\n\nQuestion description: So here's the thing, we often chase after the big attractions or the 'vibes' of a big city, right? But, it's those little things that sometimes catch you off guard. For example, there's this little park bench that has become my unexpected haven. It's nothing special really, just an old wooden bench overlooking a modest garden, but it's where I find a little slice of serenity in a bustling cityscape. It's become a favourite spot for a bit of quiet in my daily routine. Does your place have something like that? A little quirk or hidden gem that's unexpectedly stolen a piece of your heart? Share away, I‚Äôm curious!\n\nComment: \n old bookstore hidden down side streets feels like time travel everytime""]","['Urban', 'Spots', 'Atmosphere']"
1,1422,1_gender_roles_traditional_expectations,"['gender', 'roles', 'traditional', 'expectations', 'guys', 'career', 'shift', 'stereotypes', 'role', 'thinking']","[""Question: In what ways has your career been influenced by traditional gender roles, and how have you navigated that?\n\nQuestion description: Not gonna lie, working in high-stakes entrepreneurial circles sometimes feels like an old boys' club. Without getting into the details, let's just say I've hit some walls where expectations were based more on gender stereotypes than on my actual skills or business acumen. Have you faced situations where traditional gender roles have impacted your professional trajectory in some way? Keen to hear stories from all sides of the gender spectrum ‚Äì how did you deal with it, any strategies you‚Äôve used to overcome those challenges?\n\nComment: \n felt this too... sometimes they just want numbers without narratives üòí"", ""Question: In what ways has your career been influenced by traditional gender roles, and how have you navigated that?\n\nQuestion description: Not gonna lie, working in high-stakes entrepreneurial circles sometimes feels like an old boys' club. Without getting into the details, let's just say I've hit some walls where expectations were based more on gender stereotypes than on my actual skills or business acumen. Have you faced situations where traditional gender roles have impacted your professional trajectory in some way? Keen to hear stories from all sides of the gender spectrum ‚Äì how did you deal with it, any strategies you‚Äôve used to overcome those challenges?\n\nComment: \n even shop sales get boxed by old school thinking"", ""Question: In what ways has your career been influenced by traditional gender roles, and how have you navigated that?\n\nQuestion description: Not gonna lie, working in high-stakes entrepreneurial circles sometimes feels like an old boys' club. Without getting into the details, let's just say I've hit some walls where expectations were based more on gender stereotypes than on my actual skills or business acumen. Have you faced situations where traditional gender roles have impacted your professional trajectory in some way? Keen to hear stories from all sides of the gender spectrum ‚Äì how did you deal with it, any strategies you‚Äôve used to overcome those challenges?\n\nComment: \n gender stereotypes suck even in 'progressive' spots""]","['gender', 'roles', 'stereotypes']"
2,860,2_degree_career_life_numbers,"['degree', 'career', 'life', 'numbers', 'field', 'dream', 'college', 'study', 'traveling', 'masters']","[""Question: Ever felt like your degree was a wild card in your career? How did it play out?\n\nQuestion description: Almost a decade ago, I took a pretty big leap of faith with my master's degree, thinking it would lead me straight to my dream job. Fast forward through years of unexpected twists, turns, and a mad dash through a maze of design challenges‚Äîit‚Äôs honestly been a ride with more loops than I had on my blueprint! Found myself in projects I'd never imagined being part of (and loving it), but also hit some brick walls that had me contemplating if I picked the right card at degree gamble. Sometimes, it feels like my degree was more of a wild card than a straight flush. Ever felt your field of study threw you a curveball in your career? How did your gamble with education play out in the real world?\n\nComment: \n studied hard thinking it'd open doors - ended up kicking them down instead üòâ design life chose me lol"", ""Question: Ever felt like your degree was a wild card in your career? How did it play out?\n\nQuestion description: Almost a decade ago, I took a pretty big leap of faith with my master's degree, thinking it would lead me straight to my dream job. Fast forward through years of unexpected twists, turns, and a mad dash through a maze of design challenges‚Äîit‚Äôs honestly been a ride with more loops than I had on my blueprint! Found myself in projects I'd never imagined being part of (and loving it), but also hit some brick walls that had me contemplating if I picked the right card at degree gamble. Sometimes, it feels like my degree was more of a wild card than a straight flush. Ever felt your field of study threw you a curveball in your career? How did your gamble with education play out in the real world?\n\nComment: \n Adaptability became second nature over time. "", ""Question: Ever felt like your degree was a wild card in your career? How did it play out?\n\nQuestion description: Almost a decade ago, I took a pretty big leap of faith with my master's degree, thinking it would lead me straight to my dream job. Fast forward through years of unexpected twists, turns, and a mad dash through a maze of design challenges‚Äîit‚Äôs honestly been a ride with more loops than I had on my blueprint! Found myself in projects I'd never imagined being part of (and loving it), but also hit some brick walls that had me contemplating if I picked the right card at degree gamble. Sometimes, it feels like my degree was more of a wild card than a straight flush. Ever felt your field of study threw you a curveball in your career? How did your gamble with education play out in the real world?\n\nComment: \n commerce degree - expected numbers, got life lessons instead!""]","['education', 'career', 'life', 'traveling']"
3,809,3_income_living_life_budgeting,"['income', 'living', 'life', 'budgeting', 'lifestyle', 'habits', 'job', 'budget', 'costs', 'weekend']","[""Question: What are some unexpected ways your job has shaped your personal life or habits?\n\nQuestion description: So I crunch numbers for a living, which means I‚Äôve unknowingly become that guy who mentally tallies the cost of everything, even when off the clock. Started out kinda as a joke, but now I find myself budgeting my weekend plans on the back of a napkin ‚Äì my friends think it‚Äôs hilarious, and my partner just rolls her eyes. But hey, it‚Äôs not all bad... I guess I've picked up some killer budgeting tricks along the way. Does your job sneak into your personal life? Like, do you find yourself accidentally in 'work mode' at random times?"", ""Question: What are some unexpected ways your job has shaped your personal life or habits?\n\nQuestion description: So I crunch numbers for a living, which means I‚Äôve unknowingly become that guy who mentally tallies the cost of everything, even when off the clock. Started out kinda as a joke, but now I find myself budgeting my weekend plans on the back of a napkin ‚Äì my friends think it‚Äôs hilarious, and my partner just rolls her eyes. But hey, it‚Äôs not all bad... I guess I've picked up some killer budgeting tricks along the way. Does your job sneak into your personal life? Like, do you find yourself accidentally in 'work mode' at random times?\n\nComment: \n Endless comparing rent-to-income ratios even for fun!"", ""Question: What are some unexpected ways your job has shaped your personal life or habits?\n\nQuestion description: So I crunch numbers for a living, which means I‚Äôve unknowingly become that guy who mentally tallies the cost of everything, even when off the clock. Started out kinda as a joke, but now I find myself budgeting my weekend plans on the back of a napkin ‚Äì my friends think it‚Äôs hilarious, and my partner just rolls her eyes. But hey, it‚Äôs not all bad... I guess I've picked up some killer budgeting tricks along the way. Does your job sneak into your personal life? Like, do you find yourself accidentally in 'work mode' at random times?\n\nComment: \n balance matters but getting too chill can cost ya ü§∑\u200d‚ôÇÔ∏è""]",['finances']
4,693,4_relationship_relationships_single_hobbies,"['relationship', 'relationships', 'single', 'hobbies', 'status', 'personal', 'love', 'life', 'papers', 'friends']","['Question: Has a profession ever caused a rift in your personal relationships? If so, how did you navigate through it?\n\nQuestion description: i‚Äôve been thinking a lot lately about how we balance our work and personal lives... got heavy into this convo over dinner with friends the other night. personally, my job can be super intense, once had a partner who just didn\'t get the whole ""work late, grade papers, and prep research"" lifestyle, ended up feeling super disconnected. we split, but it was rough. know it\'s not just me ‚Äì someone else out there must\'ve had their work life bleed into their personal space, right? spill the beans, what went down and how\'d you handle it?\n\nComment: \n Ever thought maybe \'balanced\' life\'s just myth?', ""Question: Married, single, or it's complicated: has your current relationship status influenced your hobbies and leisure activities, and how?\n\nQuestion description: Soo.. lately i‚Äôve been realizing that ever since I tied the knot, my gaming nights with buddies have drastically reduced and instead, i‚Äôm exploring things I never thought I would - like, say, salsa dancing. Guess you could say love makes you do new stuff, right? Or in some cases maybe drop some hobbies? How about you folks, noticed any shifts in your pastime pursuits post relationship status change? Share your transformations!\n\nComment: \n more reddit since single lol"", ""Question: Married, single, or it's complicated: has your current relationship status influenced your hobbies and leisure activities, and how?\n\nQuestion description: Soo.. lately i‚Äôve been realizing that ever since I tied the knot, my gaming nights with buddies have drastically reduced and instead, i‚Äôm exploring things I never thought I would - like, say, salsa dancing. Guess you could say love makes you do new stuff, right? Or in some cases maybe drop some hobbies? How about you folks, noticed any shifts in your pastime pursuits post relationship status change? Share your transformations!\n\nComment: \n single life hasn't changed much except maybe scrolling through reddit a bit longer than before""]","['relationships', 'personal life']"
5,680,5_age_adulting_30_manual,"['age', 'adulting', '30', 'manual', 'start', 'ages', 'milestone', 'milestones', 'timelines', 'lifes']","[""Question: What's something you expected to have figured out by your age but definitely haven't?\n\nQuestion description: yo peeps, so here's the thing, i kinda always thought that by the time i was pushing 40, i'd have all my ducks in a row ‚Äì finances crystal clear, life plan on lockdown, the works. Don‚Äôt get me wrong, things are steady but man, the more years I stack, the more I feel like there's a secret adulting manual everyone got but me. The other day I was sorting my tax stuff (thrilling, I know) and it hit me ‚Äì I‚Äôm still winging it in so many areas. It‚Äôs like everyone around me is acing this life thing, and I‚Äôm here just tryna not get a paper cut from life‚Äôs instructions manual, you get me? Anyway, I‚Äôm curious, what‚Äôs something you thought you‚Äôd have totally figured out by now, but just... don‚Äôt? Do share your stories, make a guy feel less like he's riding solo on the struggle bus.\n\nComment: \n Milestones? More like suggestions than rules!"", ""Question: What's something you expected to have figured out by your age but definitely haven't?\n\nQuestion description: yo peeps, so here's the thing, i kinda always thought that by the time i was pushing 40, i'd have all my ducks in a row ‚Äì finances crystal clear, life plan on lockdown, the works. Don‚Äôt get me wrong, things are steady but man, the more years I stack, the more I feel like there's a secret adulting manual everyone got but me. The other day I was sorting my tax stuff (thrilling, I know) and it hit me ‚Äì I‚Äôm still winging it in so many areas. It‚Äôs like everyone around me is acing this life thing, and I‚Äôm here just tryna not get a paper cut from life‚Äôs instructions manual, you get me? Anyway, I‚Äôm curious, what‚Äôs something you thought you‚Äôd have totally figured out by now, but just... don‚Äôt? Do share your stories, make a guy feel less like he's riding solo on the struggle bus.\n\nComment: \n Perception vs reality - totally different stories. "", ""Question: What's something you expected to have figured out by your age but definitely haven't?\n\nQuestion description: yo peeps, so here's the thing, i kinda always thought that by the time i was pushing 40, i'd have all my ducks in a row ‚Äì finances crystal clear, life plan on lockdown, the works. Don‚Äôt get me wrong, things are steady but man, the more years I stack, the more I feel like there's a secret adulting manual everyone got but me. The other day I was sorting my tax stuff (thrilling, I know) and it hit me ‚Äì I‚Äôm still winging it in so many areas. It‚Äôs like everyone around me is acing this life thing, and I‚Äôm here just tryna not get a paper cut from life‚Äôs instructions manual, you get me? Anyway, I‚Äôm curious, what‚Äôs something you thought you‚Äôd have totally figured out by now, but just... don‚Äôt? Do share your stories, make a guy feel less like he's riding solo on the struggle bus.""]","['age', 'milestone']"
6,215,6_ghost_myth_neighbours_urban,"['ghost', 'myth', 'neighbours', 'urban', 'night', 'spooky', 'tales', 'whispered', 'debunked', 'haunts']","['Question: What local urban myth or legend still captivates the folks in your area?\n\nQuestion description: so i was chatting with some friends last night and one brought up this story of a ghost that supposedly haunts an old building downtown. everyone had a laugh but it\'s crazy how many people still avoid that place, even though it\'s been debunked a bunch of times. It got me thinking... does your town have a legend or an urban myth that\'s alive and well? like, that kinda story that\'s just good enough to make you doubt, or watch your back when you walk past ""that"" place. would love to hear what spooky tales get whispered about!\n\nComment: \n Our own \'mountain ghost\' tales never get old amongst folks around here!', 'Question: What local urban myth or legend still captivates the folks in your area?\n\nQuestion description: so i was chatting with some friends last night and one brought up this story of a ghost that supposedly haunts an old building downtown. everyone had a laugh but it\'s crazy how many people still avoid that place, even though it\'s been debunked a bunch of times. It got me thinking... does your town have a legend or an urban myth that\'s alive and well? like, that kinda story that\'s just good enough to make you doubt, or watch your back when you walk past ""that"" place. would love to hear what spooky tales get whispered about!\n\nComment: \n heard some wild tokoloshe tales growing up here', 'Question: What local urban myth or legend still captivates the folks in your area?\n\nQuestion description: so i was chatting with some friends last night and one brought up this story of a ghost that supposedly haunts an old building downtown. everyone had a laugh but it\'s crazy how many people still avoid that place, even though it\'s been debunked a bunch of times. It got me thinking... does your town have a legend or an urban myth that\'s alive and well? like, that kinda story that\'s just good enough to make you doubt, or watch your back when you walk past ""that"" place. would love to hear what spooky tales get whispered about!']","['ghosts', 'urban legends']"
7,199,7_clichs_emu_expense_line,"['clichs', 'emu', 'expense', 'line', 'outer', 'bean', 'counters', 'accountant', 'ostrich', 'savanna']","[""Question: For those behind the numbers, what's the wackiest expense you've ever seen in someone's accounts?\n\nQuestion description: So here's the thing - diving into spreadsheets and financial statements can be as dry as a good Savanna, but every now and then, you hit upon something that makes you do a double-take. I remember sifting through a client's expenses when I came across a hefty sum dropped on... wait for it... an emu farm. Yep, right there between the printer cartridges and the company retreat, there was this fledgling (pun intended) investment in flightless birds. Got me wondering if someone out there's got an ostrich to match my emu! What‚Äôs the strangest line item you‚Äôve ever spotted on the job? Or if you‚Äôre not balancing books for a living, ever had an eyebrow-raising expense of your own that your accountant questioned?\n\nComment: \n stock up on normal stuff like coffee"", ""Question: For those behind the numbers, what's the wackiest expense you've ever seen in someone's accounts?\n\nQuestion description: So here's the thing - diving into spreadsheets and financial statements can be as dry as a good Savanna, but every now and then, you hit upon something that makes you do a double-take. I remember sifting through a client's expenses when I came across a hefty sum dropped on... wait for it... an emu farm. Yep, right there between the printer cartridges and the company retreat, there was this fledgling (pun intended) investment in flightless birds. Got me wondering if someone out there's got an ostrich to match my emu! What‚Äôs the strangest line item you‚Äôve ever spotted on the job? Or if you‚Äôre not balancing books for a living, ever had an eyebrow-raising expense of your own that your accountant questioned?\n\nComment: \n maybe they‚Äôre stocking up early lol"", ""Question: For those behind the numbers, what's the wackiest expense you've ever seen in someone's accounts?\n\nQuestion description: So here's the thing - diving into spreadsheets and financial statements can be as dry as a good Savanna, but every now and then, you hit upon something that makes you do a double-take. I remember sifting through a client's expenses when I came across a hefty sum dropped on... wait for it... an emu farm. Yep, right there between the printer cartridges and the company retreat, there was this fledgling (pun intended) investment in flightless birds. Got me wondering if someone out there's got an ostrich to match my emu! What‚Äôs the strangest line item you‚Äôve ever spotted on the job? Or if you‚Äôre not balancing books for a living, ever had an eyebrow-raising expense of your own that your accountant questioned?""]","['expense', 'counters', 'bean']"
8,188,8_home_comfort_relocate_starters,"['home', 'comfort', 'relocate', 'starters', 'cultures', 'settling', 'sky', 'evolved', 'concept', 'streets']","['Question: How has the concept of ""home"" changed for you as you\'ve grown older or moved around?\n\nQuestion description: lately been thinking about how when I was a kid, ""home"" was just where my fam was. now, after shuffling around for work and settling in a huge city that\'s very different from where I grew up, it\'s kinda wild how my feeling of what home is has changed. for starters, I find comfort in the busy streets and the fusion of cultures, even though my pay isn‚Äôt exactly sky high and living alone can be tough sometimes. plus, the idea that I could pack up and relocate if I wanted to ‚Äì that\'s new. does anyone else feel like their understanding of ""home"" has evolved? what\'s made it change for you?\n\nComment: \n feels different everywhere yet somehow familiar too', 'Question: How has the concept of ""home"" changed for you as you\'ve grown older or moved around?\n\nQuestion description: lately been thinking about how when I was a kid, ""home"" was just where my fam was. now, after shuffling around for work and settling in a huge city that\'s very different from where I grew up, it\'s kinda wild how my feeling of what home is has changed. for starters, I find comfort in the busy streets and the fusion of cultures, even though my pay isn‚Äôt exactly sky high and living alone can be tough sometimes. plus, the idea that I could pack up and relocate if I wanted to ‚Äì that\'s new. does anyone else feel like their understanding of ""home"" has evolved? what\'s made it change for you?\n\nComment: \n Career too shapes where we call \'home\'.', 'Question: How has the concept of ""home"" changed for you as you\'ve grown older or moved around?\n\nQuestion description: lately been thinking about how when I was a kid, ""home"" was just where my fam was. now, after shuffling around for work and settling in a huge city that\'s very different from where I grew up, it\'s kinda wild how my feeling of what home is has changed. for starters, I find comfort in the busy streets and the fusion of cultures, even though my pay isn‚Äôt exactly sky high and living alone can be tough sometimes. plus, the idea that I could pack up and relocate if I wanted to ‚Äì that\'s new. does anyone else feel like their understanding of ""home"" has evolved? what\'s made it change for you?']","['home', 'comfort', 'cultures', 'settling', 'concept']"
9,185,9_tradition_kite_traditions_vegetable,"['tradition', 'kite', 'traditions', 'vegetable', 'baffle', 'peculiar', 'wacky', 'habit', 'customs', 'corners']","[""Question: People of Reddit, what's a peculiar local habit or tradition in your area that visitors often find surprising? \n\nQuestion description: you ever notice how every place has its own quirks that just seem to baffle outsiders? In my line of work, I meet folks from all over, and it's hilarious to see their reactions to some of our local customs. Like the other day, I picked up this guy who was genuinely shocked that we actually have a day where we celebrate our love for a certain orange root vegetable. I mean, it's bizarre but it's tradition, right? Makes me wonder what kind of wacky traditions exist in other corners of the globe. So, what's a unique tradition from your neck of the woods that throws visitors for a loop?\n\nComment: \n Still wasteful though?"", ""Question: People of Reddit, what's a peculiar local habit or tradition in your area that visitors often find surprising? \n\nQuestion description: you ever notice how every place has its own quirks that just seem to baffle outsiders? In my line of work, I meet folks from all over, and it's hilarious to see their reactions to some of our local customs. Like the other day, I picked up this guy who was genuinely shocked that we actually have a day where we celebrate our love for a certain orange root vegetable. I mean, it's bizarre but it's tradition, right? Makes me wonder what kind of wacky traditions exist in other corners of the globe. So, what's a unique tradition from your neck of the woods that throws visitors for a loop?"", ""Question: People of Reddit, what's a peculiar local habit or tradition in your area that visitors often find surprising? \n\nQuestion description: you ever notice how every place has its own quirks that just seem to baffle outsiders? In my line of work, I meet folks from all over, and it's hilarious to see their reactions to some of our local customs. Like the other day, I picked up this guy who was genuinely shocked that we actually have a day where we celebrate our love for a certain orange root vegetable. I mean, it's bizarre but it's tradition, right? Makes me wonder what kind of wacky traditions exist in other corners of the globe. So, what's a unique tradition from your neck of the woods that throws visitors for a loop?\n\nComment: \n it's hilarious - trophies and all!""]","['tradition', 'peculiar', 'vegetable']"
10,170,10_buildings_cranes_birds_motion,"['buildings', 'cranes', 'birds', 'motion', 'slowdown', 'fastpaced', 'exhausting', 'shaping', 'dwellers', 'mushrooms']","[""Question: As urban dwellers, do you feel the relentless pace of the city is shaping or draining you? \n\nQuestion description: i keep finding myself caught up in the fast-paced rhythm of daily life where i am, always hustling from one project to the next, barely having a minute to slowdown. sometimes I get this buzz out of it, feel like I'm riding a wave - but other days it's just exhausting. the skyline's always changing here too, new buildings sprouting up like mushrooms overnight! everything's in a constant state of flux. what about you? are you energized by the never-ending motion around you, or do you find yourself seeking an escape hatch every now and then?\n\nComment: \n balance helps but doesn't fix everything"", ""Question: As urban dwellers, do you feel the relentless pace of the city is shaping or draining you? \n\nQuestion description: i keep finding myself caught up in the fast-paced rhythm of daily life where i am, always hustling from one project to the next, barely having a minute to slowdown. sometimes I get this buzz out of it, feel like I'm riding a wave - but other days it's just exhausting. the skyline's always changing here too, new buildings sprouting up like mushrooms overnight! everything's in a constant state of flux. what about you? are you energized by the never-ending motion around you, or do you find yourself seeking an escape hatch every now and then?\n\nComment: \n love blending old & new vibes üèôÔ∏èüõ§Ô∏è"", ""Question: As urban dwellers, do you feel the relentless pace of the city is shaping or draining you? \n\nQuestion description: i keep finding myself caught up in the fast-paced rhythm of daily life where i am, always hustling from one project to the next, barely having a minute to slowdown. sometimes I get this buzz out of it, feel like I'm riding a wave - but other days it's just exhausting. the skyline's always changing here too, new buildings sprouting up like mushrooms overnight! everything's in a constant state of flux. what about you? are you energized by the never-ending motion around you, or do you find yourself seeking an escape hatch every now and then?""]","['buildings', 'motion', 'dwellers']"
11,111,11_partners_kind_hobbies_crossover,"['partners', 'kind', 'hobbies', 'crossover', 'botanical', 'mentioned', 'snails', 'movies', 'plants', 'snacks']","[""Question: Partners of Redditors, how has your S.O. surprised you in ways that showed they really know you? \n\nQuestion description: Just realized how much my partner actually pays attention to the little things about me. Recently on a quiet weekend, they totally caught me off-guard with a day planned solely around my kind of fun. We're talking about a marathon of my favorite cheesy movies, my preferred snacks, and even a board game that I mentioned liking months ago! Blew my mind and it wasn't even my birthday or anything. It got me thinking, there must be heaps of stories where partners just nail it with the little things. What's your 'they really know me' moment?\n\nComment: \n Seriously makes you appreciate them more!"", ""Question: Partners of Redditors, how has your S.O. surprised you in ways that showed they really know you? \n\nQuestion description: Just realized how much my partner actually pays attention to the little things about me. Recently on a quiet weekend, they totally caught me off-guard with a day planned solely around my kind of fun. We're talking about a marathon of my favorite cheesy movies, my preferred snacks, and even a board game that I mentioned liking months ago! Blew my mind and it wasn't even my birthday or anything. It got me thinking, there must be heaps of stories where partners just nail it with the little things. What's your 'they really know me' moment?\n\nComment: \n shouldn't wait for special days tbh"", ""Question: Partners of Redditors, how has your S.O. surprised you in ways that showed they really know you? \n\nQuestion description: Just realized how much my partner actually pays attention to the little things about me. Recently on a quiet weekend, they totally caught me off-guard with a day planned solely around my kind of fun. We're talking about a marathon of my favorite cheesy movies, my preferred snacks, and even a board game that I mentioned liking months ago! Blew my mind and it wasn't even my birthday or anything. It got me thinking, there must be heaps of stories where partners just nail it with the little things. What's your 'they really know me' moment?""]","['hobbies', 'plants', 'snacks']"
12,102,12_commuting_trains_buses_transport,"['commuting', 'trains', 'buses', 'transport', 'crammed', 'rodeos', 'boats', 'conquering', 'quest', 'citys']","[""Question: What are the unique challenges of commuting in your city, and how do you tackle them?\n\nQuestion description: the daily grind of getting to work is like a puzzle where the pieces don't always fit - especially when your main modes of transport involve a combo of trains, buses, or even boats. just like in my own morning conquering quest, I always end up with stories that range from the heartwarming to the hilariously absurd. like, this one time I was crammed in a bus so full I think I became a temporary contortionist! what's your commuting saga? got any tips or epic tales to share from your city's rush hour rodeos?\n\nComment: \n traffic messes alone are daily battles here üòÖ"", ""Question: What are the unique challenges of commuting in your city, and how do you tackle them?\n\nQuestion description: the daily grind of getting to work is like a puzzle where the pieces don't always fit - especially when your main modes of transport involve a combo of trains, buses, or even boats. just like in my own morning conquering quest, I always end up with stories that range from the heartwarming to the hilariously absurd. like, this one time I was crammed in a bus so full I think I became a temporary contortionist! what's your commuting saga? got any tips or epic tales to share from your city's rush hour rodeos?"", ""Question: What are the unique challenges of commuting in your city, and how do you tackle them?\n\nQuestion description: the daily grind of getting to work is like a puzzle where the pieces don't always fit - especially when your main modes of transport involve a combo of trains, buses, or even boats. just like in my own morning conquering quest, I always end up with stories that range from the heartwarming to the hilariously absurd. like, this one time I was crammed in a bus so full I think I became a temporary contortionist! what's your commuting saga? got any tips or epic tales to share from your city's rush hour rodeos?\n\nComment: \n always walking more lately...it's free gym!""]","['transport', 'commuting', 'city']"
13,100,13_macgyver_creative_work_model,"['macgyver', 'creative', 'work', 'model', 'cap', 'pen', 'materials', 'gum', 'tools', 'masterpiece']","['Question: What\'s the craziest thing you\'ve had to ""MacGyver"" at your job because you didn\'t have the right tools or materials?\n\nQuestion description: so today at work i had to present a model to a client and half way through i realized a piece was missing (big yikes) ended up using some gum and a pen cap to keep it together - no one knew. worked out in the end but had me thinking, sometimes you gotta get pretty creative on the spot, right? what\'s your best ""MacGyver"" moment at work where you just had to make do with what you had?\n\nComment: \n tape\'s temporary ‚Äì gotta get creative sometimes but checking safety too!', 'Question: What\'s the craziest thing you\'ve had to ""MacGyver"" at your job because you didn\'t have the right tools or materials?\n\nQuestion description: so today at work i had to present a model to a client and half way through i realized a piece was missing (big yikes) ended up using some gum and a pen cap to keep it together - no one knew. worked out in the end but had me thinking, sometimes you gotta get pretty creative on the spot, right? what\'s your best ""MacGyver"" moment at work where you just had to make do with what you had?\n\nComment: \n back-of-the-envelope in digital age? yikes!', 'Question: What\'s the craziest thing you\'ve had to ""MacGyver"" at your job because you didn\'t have the right tools or materials?\n\nQuestion description: so today at work i had to present a model to a client and half way through i realized a piece was missing (big yikes) ended up using some gum and a pen cap to keep it together - no one knew. worked out in the end but had me thinking, sometimes you gotta get pretty creative on the spot, right? what\'s your best ""MacGyver"" moment at work where you just had to make do with what you had?']","['creative', 'tools', 'work']"
14,98,14_weather_chilly_productivity_hibernate,"['weather', 'chilly', 'productivity', 'hibernate', 'camp', 'thermostat', 'mood', 'laptop', 'morning', 'outside']","[""Question: How much does the weather influence your daily mood and productivity?\n\nQuestion description: This might be a bit out there, but do you ever feel like your whole vibe for the day gets set by what you see outside your window first thing in the morning? For example, here we get these wild temperature swings sometimes ‚Äì you're going to sleep with a chilly night and suddenly next day feels like someone cranked the thermostat. It throws me off completely, makes me wanna just camp out at a coffee shop with my laptop and chill instead of doing anything major. How about you? Do you get that urge to hibernate when it's cold or does a sunny day make you want to conquer the world?\n\nComment: \n rainy days = netflix & chill vibes üòå"", ""Question: How much does the weather influence your daily mood and productivity?\n\nQuestion description: This might be a bit out there, but do you ever feel like your whole vibe for the day gets set by what you see outside your window first thing in the morning? For example, here we get these wild temperature swings sometimes ‚Äì you're going to sleep with a chilly night and suddenly next day feels like someone cranked the thermostat. It throws me off completely, makes me wanna just camp out at a coffee shop with my laptop and chill instead of doing anything major. How about you? Do you get that urge to hibernate when it's cold or does a sunny day make you want to conquer the world?\n\nComment: \n rainy day productivity? just doesn‚Äôt click for me"", ""Question: How much does the weather influence your daily mood and productivity?\n\nQuestion description: This might be a bit out there, but do you ever feel like your whole vibe for the day gets set by what you see outside your window first thing in the morning? For example, here we get these wild temperature swings sometimes ‚Äì you're going to sleep with a chilly night and suddenly next day feels like someone cranked the thermostat. It throws me off completely, makes me wanna just camp out at a coffee shop with my laptop and chill instead of doing anything major. How about you? Do you get that urge to hibernate when it's cold or does a sunny day make you want to conquer the world?""]","['weather', 'productivity', 'mood']"
15,84,15_survival_radio_potato_generator,"['survival', 'radio', 'potato', 'generator', 'dystopian', 'problem', 'realworld', 'scratch', 'degrees', 'grow']","['Question: If your degree had a ""real-world"" survival rating, what would it be?\n\nQuestion description: okay hear me out, i was watching some post-apocalyptic movie last night (ya know the type where everything goes kaboom and there\'s like 1 savvy person who knows how to fix a radio or smthn) and i started thinking... if things really hit the fan, how useful would our degrees actually be? like i studied physics and sometimes wonder how much of it would help me or anyone else if we suddenly had to, idk, start from scratch? sure, understanding the fundamental laws of nature is cool and all, but can it help me grow a potato or fix a generator? would love to hear your takes on this and if there\'s something you learned during your studies that could come in handy when the unlikely dystopian future becomes today\'s problem.\n\nComment: \n ""Cultures survive on more than just food!""', 'Question: If your degree had a ""real-world"" survival rating, what would it be?\n\nQuestion description: okay hear me out, i was watching some post-apocalyptic movie last night (ya know the type where everything goes kaboom and there\'s like 1 savvy person who knows how to fix a radio or smthn) and i started thinking... if things really hit the fan, how useful would our degrees actually be? like i studied physics and sometimes wonder how much of it would help me or anyone else if we suddenly had to, idk, start from scratch? sure, understanding the fundamental laws of nature is cool and all, but can it help me grow a potato or fix a generator? would love to hear your takes on this and if there\'s something you learned during your studies that could come in handy when the unlikely dystopian future becomes today\'s problem.\n\nComment: \n Laws still matter when rebuilding society.', 'Question: If your degree had a ""real-world"" survival rating, what would it be?\n\nQuestion description: okay hear me out, i was watching some post-apocalyptic movie last night (ya know the type where everything goes kaboom and there\'s like 1 savvy person who knows how to fix a radio or smthn) and i started thinking... if things really hit the fan, how useful would our degrees actually be? like i studied physics and sometimes wonder how much of it would help me or anyone else if we suddenly had to, idk, start from scratch? sure, understanding the fundamental laws of nature is cool and all, but can it help me grow a potato or fix a generator? would love to hear your takes on this and if there\'s something you learned during your studies that could come in handy when the unlikely dystopian future becomes today\'s problem.']","['survival', 'dystopian', 'practical']"
16,60,16_itch_restless_hogwash_7year,"['itch', 'restless', 'hogwash', '7year', 'decking', 'itching', 'stale', 'hearing', 'marriage', 'myth']","['Question: Has the ""7 Year Itch"" in relationships been true for you, or just a myth? \n\nQuestion description: So I\'ve been hearing about the ""7 Year Itch"" ‚Äì that idea that around seven years into a relationship or marriage, things start getting a little stale or partners become restless. Been hitched for a bit now and I\'ve noticed some of my mates hitting that point and either doubling down or decking out. Makes me wonder if there\'s some universal truth to it or it\'s just another one of those old wives\' tales. What\'s your take on this? Ever found yourself getting twitchy feet around the 7-year mark, or does that sound like a load of hogwash? Share your stories ‚Äì itching for the insight!\n\nComment: \n Personal growth keeps things fresh!', 'Question: Has the ""7 Year Itch"" in relationships been true for you, or just a myth? \n\nQuestion description: So I\'ve been hearing about the ""7 Year Itch"" ‚Äì that idea that around seven years into a relationship or marriage, things start getting a little stale or partners become restless. Been hitched for a bit now and I\'ve noticed some of my mates hitting that point and either doubling down or decking out. Makes me wonder if there\'s some universal truth to it or it\'s just another one of those old wives\' tales. What\'s your take on this? Ever found yourself getting twitchy feet around the 7-year mark, or does that sound like a load of hogwash? Share your stories ‚Äì itching for the insight!', 'Question: Has the ""7 Year Itch"" in relationships been true for you, or just a myth? \n\nQuestion description: So I\'ve been hearing about the ""7 Year Itch"" ‚Äì that idea that around seven years into a relationship or marriage, things start getting a little stale or partners become restless. Been hitched for a bit now and I\'ve noticed some of my mates hitting that point and either doubling down or decking out. Makes me wonder if there\'s some universal truth to it or it\'s just another one of those old wives\' tales. What\'s your take on this? Ever found yourself getting twitchy feet around the 7-year mark, or does that sound like a load of hogwash? Share your stories ‚Äì itching for the insight!\n\nComment: \n More myth than rule honestly.']","['discomfort', 'superstition', 'relationships']"
17,39,17_singles_solo_couples_duo,"['singles', 'solo', 'couples', 'duo', 'prams', 'shoots', 'families', 'differs', 'beach', 'single']","['Question: Singles of Reddit, how does your city treat those flying solo? \n\nQuestion description: It seems like every place has got its own vibe when it comes to singles. where i\'m at, there\'s a ton of stuff geared towards families and couples. feels like every time i hit the beach, or even the new art installations downtown, i\'m dodging prams and ""save the date"" photo shoots. sometimes the scene is super supportive of the solo lifestyle, but other days, not so much. anyone else find the city living experience differs when you‚Äôre on your own? what\'s cool about being single where you are, or what‚Äôs the city like for those not in a duo?\n\nComment: \n cafes can be chill alone though just saying', 'Question: Singles of Reddit, how does your city treat those flying solo? \n\nQuestion description: It seems like every place has got its own vibe when it comes to singles. where i\'m at, there\'s a ton of stuff geared towards families and couples. feels like every time i hit the beach, or even the new art installations downtown, i\'m dodging prams and ""save the date"" photo shoots. sometimes the scene is super supportive of the solo lifestyle, but other days, not so much. anyone else find the city living experience differs when you‚Äôre on your own? what\'s cool about being single where you are, or what‚Äôs the city like for those not in a duo?\n\nComment: \n City life could definitely up its ""solo-game"".', 'Question: Singles of Reddit, how does your city treat those flying solo? \n\nQuestion description: It seems like every place has got its own vibe when it comes to singles. where i\'m at, there\'s a ton of stuff geared towards families and couples. feels like every time i hit the beach, or even the new art installations downtown, i\'m dodging prams and ""save the date"" photo shoots. sometimes the scene is super supportive of the solo lifestyle, but other days, not so much. anyone else find the city living experience differs when you‚Äôre on your own? what\'s cool about being single where you are, or what‚Äôs the city like for those not in a duo?']","['relationships', 'activities', 'families']"
18,18,18_gardening_balcony_herbs_agricultural,"['gardening', 'balcony', 'herbs', 'agricultural', 'tomatoes', 'experimenting', 'veggies', 'concrete', 'plant', 'cars']","[""Question: Urban Gardening: Have you turned any tiny space into a green oasis?\n\nQuestion description: as someone who's super into agricultural sciences (yeah, bit of a plant geek here), i've been experimenting with growing my own veggies on my tiny balcony. tbh, it's a refreshing escape from the concrete jungle life. managed to get some tomatoes and herbs thriving amongst the hustle of commuters and honking cars. feels like a little victory, you know? curious if anyone else has tried this urban gardening thing and what kinda green magic you've been able to conjure up in your own nook of the world?\n\nComment: \n ever tried neem oil? works wonders!"", ""Question: Urban Gardening: Have you turned any tiny space into a green oasis?\n\nQuestion description: as someone who's super into agricultural sciences (yeah, bit of a plant geek here), i've been experimenting with growing my own veggies on my tiny balcony. tbh, it's a refreshing escape from the concrete jungle life. managed to get some tomatoes and herbs thriving amongst the hustle of commuters and honking cars. feels like a little victory, you know? curious if anyone else has tried this urban gardening thing and what kinda green magic you've been able to conjure up in your own nook of the world?\n\nComment: \n Sure works until winter hits hard!"", ""Question: Urban Gardening: Have you turned any tiny space into a green oasis?\n\nQuestion description: as someone who's super into agricultural sciences (yeah, bit of a plant geek here), i've been experimenting with growing my own veggies on my tiny balcony. tbh, it's a refreshing escape from the concrete jungle life. managed to get some tomatoes and herbs thriving amongst the hustle of commuters and honking cars. feels like a little victory, you know? curious if anyone else has tried this urban gardening thing and what kinda green magic you've been able to conjure up in your own nook of the world?""]","['gardening', 'plants', 'urban gardening']"
